full_name,role,email,phone,designation,department
Dr. Aryan Maharaj,doctor,doctor1@sunrisehospital.example,9890838637,Nephrology,
Dr. Udant Dewan,doctor,doctor2@sunrisehospital.example,9840265423,General Surgery,
Dr. Gagan Sami,doctor,doctor3@sunrisehospital.example,9811615594,ENT,
Dr. Ayushman Chander,doctor,doctor4@sunrisehospital.example,9878161849,General Medicine,
Dr. Viraj Tiwari,doctor,doctor5@sunrisehospital.example,9893103413,ENT,
Dr. Rushil Saini,doctor,doctor6@sunrisehospital.example,9864752553,Cardiology,
Dr. Saumya Mall,doctor,doctor7@sunrisehospital.example,9819283276,Gynecology & Obstetrics,
Dr. Nathaniel Sami,doctor,doctor8@sunrisehospital.example,9883503056,Gynecology & Obstetrics,
Dr. Arunima Dugal,doctor,doctor9@sunrisehospital.example,9813953767,Gynecology & Obstetrics,
Dr. Gayathri Chaudry,doctor,doctor10@sunrisehospital.example,9842388496,Orthopedics,
Dr. Lajita Chatterjee,doctor,doctor11@sunrisehospital.example,9865328710,General Surgery,
Dr. Hemangini Lalla,doctor,doctor12@sunrisehospital.example,9822691669,Cardiology,
Dr. Tripti Yadav,doctor,doctor13@sunrisehospital.example,9884801845,Neurology,
Dr. Kritika Brar,doctor,doctor14@sunrisehospital.example,9846270482,Cardiology,
Dr. Janaki Handa,doctor,doctor15@sunrisehospital.example,9814893252,Nephrology,
Dr. Chakradev Kari,doctor,doctor16@sunrisehospital.example,9880957015,Nephrology,
Dr. Fariq Kaul,doctor,doctor17@sunrisehospital.example,9830391171,Gynecology & Obstetrics,
Dr. Lajita Mall,doctor,doctor18@sunrisehospital.example,9822782489,Nephrology,
Dr. Janya Gaba,doctor,doctor19@sunrisehospital.example,9838346578,Dermatology,
Dr. Isha Kadakia,doctor,doctor20@sunrisehospital.example,9813315098,Neurology,
Dr. Ekbal Garg,doctor,doctor21@sunrisehospital.example,9893010310,Pediatrics,
Dr. Nihal Shere,doctor,doctor22@sunrisehospital.example,9818347382,ENT,
Dr. Anamika Kanda,doctor,doctor23@sunrisehospital.example,9897376311,General Surgery,
Dr. Daksh Karnik,doctor,doctor24@sunrisehospital.example,9856670106,Dermatology,
Dr. Diya Rattan,doctor,doctor25@sunrisehospital.example,9813338726,ENT,
Dr. Dominic Kakar,doctor,doctor26@sunrisehospital.example,9847317810,Orthopedics,
Dr. Simon Tata,doctor,doctor27@sunrisehospital.example,9801326773,Nephrology,
Dr. Tara Dhar,doctor,doctor28@sunrisehospital.example,9802606474,Dermatology,
Dr. Liam Koshy,doctor,doctor29@sunrisehospital.example,9887234309,Dermatology,
Dr. Priya Rastogi,doctor,doctor30@sunrisehospital.example,9805009788,Nephrology,
Theodore Devi,nurse,nurse1@sunrisehospital.example,9820812191,,
Gavin Batta,nurse,nurse2@sunrisehospital.example,9836193990,,
Michael Dutta,nurse,nurse3@sunrisehospital.example,9891699854,,
Devansh Rajan,nurse,nurse4@sunrisehospital.example,9835346247,,
Upadhriti Wadhwa,nurse,nurse5@sunrisehospital.example,9851079911,,
Advay Contractor,nurse,nurse6@sunrisehospital.example,9883842513,,
Harini Choudhury,nurse,nurse7@sunrisehospital.example,9854278498,,
Radhika Dugar,nurse,nurse8@sunrisehospital.example,9808412411,,
Aarush Lall,nurse,nurse9@sunrisehospital.example,9882449353,,
Yashica Cherian,nurse,nurse10@sunrisehospital.example,9848740164,,
Yashica Issac,nurse,nurse11@sunrisehospital.example,9800524278,,
Kashvi Edwin,nurse,nurse12@sunrisehospital.example,9868011280,,
Ekiya Suresh,nurse,nurse13@sunrisehospital.example,9859826204,,
Isaac Patil,nurse,nurse14@sunrisehospital.example,9850533158,,
Wriddhish Bhardwaj,nurse,nurse15@sunrisehospital.example,9869232260,,
Farhan Chada,nurse,nurse16@sunrisehospital.example,9825634216,,
Ekapad Walia,nurse,nurse17@sunrisehospital.example,9807337543,,
Kabir Soman,nurse,nurse18@sunrisehospital.example,9830365414,,
Alka Wable,nurse,nurse19@sunrisehospital.example,9858685014,,
Siddharth Zacharia,nurse,nurse20@sunrisehospital.example,9829401965,,
Devika Rastogi,nurse,nurse21@sunrisehospital.example,9856981693,,
Raksha Varughese,nurse,nurse22@sunrisehospital.example,9840608835,,
Jai Kota,nurse,nurse23@sunrisehospital.example,9861595148,,
Devansh Nigam,nurse,nurse24@sunrisehospital.example,9846564823,,
Victor Kannan,nurse,nurse25@sunrisehospital.example,9866299468,,
Ekavir Bhargava,nurse,nurse26@sunrisehospital.example,9804436995,,
Ekansh Balay,nurse,nurse27@sunrisehospital.example,9877738721,,
Ekavir Varkey,nurse,nurse28@sunrisehospital.example,9848951343,,
Arya Sunder,nurse,nurse29@sunrisehospital.example,9832003791,,
Kevin Solanki,nurse,nurse30@sunrisehospital.example,9876936763,,
Urvashi Ray,nurse,nurse31@sunrisehospital.example,9820163287,,
Girindra Chatterjee,nurse,nurse32@sunrisehospital.example,9808317278,,
Irya Sampath,nurse,nurse33@sunrisehospital.example,9889579868,,
Unni Bhagat,nurse,nurse34@sunrisehospital.example,9872774348,,
Darsh Rau,nurse,nurse35@sunrisehospital.example,9873471434,,
Ikbal Kothari,nurse,nurse36@sunrisehospital.example,9855812236,,
Ranveer Yadav,nurse,nurse37@sunrisehospital.example,9823166587,,
Logan Sami,nurse,nurse38@sunrisehospital.example,9860366909,,
Arya Shere,nurse,nurse39@sunrisehospital.example,9867054668,,
Faqid Savant,nurse,nurse40@sunrisehospital.example,9889373467,,
Chandresh Zachariah,pharmacist,pharmacist1@sunrisehospital.example,9806562729,,
Girik Khalsa,pharmacist,pharmacist2@sunrisehospital.example,9880699016,,
Niharika Sunder,pharmacist,pharmacist3@sunrisehospital.example,9827204653,,
Tanay Rattan,pharmacist,pharmacist4@sunrisehospital.example,9875564641,,
Nitesh Raghavan,pharmacist,pharmacist5@sunrisehospital.example,9870805310,,
Madhavi Lanka,pharmacist,pharmacist6@sunrisehospital.example,9803309232,,
Bhavika Sampath,pathology_staff,labstaff1@sunrisehospital.example,9819374529,Lab Assistant,
Mohammed Gupta,pathology_staff,labstaff2@sunrisehospital.example,9812419049,Radiologist,
Teerth Bhardwaj,pathology_staff,labstaff3@sunrisehospital.example,9866319314,Radiologist,
Dipta Bhandari,pathology_staff,labstaff4@sunrisehospital.example,9891905865,Radiologist,
Vansha Thakkar,pathology_staff,labstaff5@sunrisehospital.example,9885067165,Pathologist,
Dakshesh Trivedi,pathology_staff,labstaff6@sunrisehospital.example,9872628498,Radiologist,
Quincy Biswas,pathology_staff,labstaff7@sunrisehospital.example,9876945314,Lab Assistant,
Wahab Raval,pathology_staff,labstaff8@sunrisehospital.example,9837996507,Lab Assistant,
Yatin Baral,receptionist,frontdesk1@sunrisehospital.example,9852735454,,
Oni Virk,receptionist,frontdesk2@sunrisehospital.example,9894808313,,
Advika Jayaraman,receptionist,frontdesk3@sunrisehospital.example,9867837770,,
William Lanka,receptionist,frontdesk4@sunrisehospital.example,9814363495,,
Karan Mital,receptionist,frontdesk5@sunrisehospital.example,9878856855,,
Diya Bora,receptionist,frontdesk6@sunrisehospital.example,9874443135,,
Tara Chaudhry,billing_staff,billing1@sunrisehospital.example,9818233749,,
Tanay Toor,billing_staff,billing2@sunrisehospital.example,9889413435,,
Kevin Palla,billing_staff,billing3@sunrisehospital.example,9824082400,,
Yash Pingle,billing_staff,billing4@sunrisehospital.example,9884271094,,
Nakul Sarma,billing_staff,billing5@sunrisehospital.example,9877752047,,
Abhiram Mistry,blood_bank_staff,bloodbank1@sunrisehospital.example,9811671902,,
Krish Lalla,blood_bank_staff,bloodbank2@sunrisehospital.example,9829413186,,
Hredhaan Dugal,blood_bank_staff,bloodbank3@sunrisehospital.example,9899938677,,
Baghyawati Kade,blood_bank_staff,bloodbank4@sunrisehospital.example,9849649909,,