full_name,dob,gender,phone,email,uhid,city,state,pincode,abha_id
Samar Lalla,1981-02-26,other,9823281206,patient1@example.com,PAT-SUN-100000,,,,22-4404-4457-5335
Manthan Banik,2010-10-13,other,9871349361,patient2@example.com,PAT-SUN-100001,,,,47-1534-4792-5720
Peter Sachar,1937-11-24,male,9899471746,patient3@example.com,PAT-SUN-100002,,,,44-3330-2169-1977
Falguni Mallick,2013-06-17,female,9894013990,patient4@example.com,PAT-SUN-100003,,,,73-8172-2317-1653
Yasti D’Alia,1970-05-03,other,9842967175,patient5@example.com,PAT-SUN-100004,,,,44-1659-3870-8708
Nilima Narain,1971-11-20,other,9846807154,patient6@example.com,PAT-SUN-100005,,,,23-3634-6403-7744
Udyati Sathe,1975-06-19,female,9803859770,,PAT-SUN-100006,,,,61-9431-1018-9889
Tamanna Sachdeva,2015-06-03,male,9824808613,patient8@example.com,PAT-SUN-100007,,,,46-8178-8941-2989
Tanmayi Deol,2007-10-18,other,9884677378,,PAT-SUN-100008,,,,69-2924-3522-9165
Bhavika Keer,1960-02-15,female,9858404499,patient10@example.com,PAT-SUN-100009,,,,86-9327-3236-2143
Lopa Bahri,2012-10-10,female,9888675339,patient11@example.com,PAT-SUN-100010,,,,29-8316-9824-8935
Noah Sibal,2018-06-06,other,9862702895,patient12@example.com,PAT-SUN-100011,,,,62-1715-6213-8749
Arunima Sama,1958-05-16,male,9862174596,patient13@example.com,PAT-SUN-100012,,,,66-2633-9617-8486
Ishwar Kamdar,1977-07-10,other,9880913431,patient14@example.com,PAT-SUN-100013,,,,96-9742-7226-6188
Harsh Mitra,2012-03-12,other,9872400504,patient15@example.com,PAT-SUN-100014,,,,
Patrick Vig,2022-07-25,male,9819693792,,PAT-SUN-100015,,,,41-9702-7751-3950
Ayush Talwar,2012-04-03,female,9821759464,patient17@example.com,PAT-SUN-100016,,,,68-5183-1153-8622
Vritti Sem,2007-01-13,female,9894406409,patient18@example.com,PAT-SUN-100017,,,,59-8916-2747-4886
Zayan Kashyap,1946-07-12,other,9833942104,patient19@example.com,PAT-SUN-100018,,,,16-9138-5689-4770
Akshay Walla,1947-01-23,female,9814562328,patient20@example.com,PAT-SUN-100019,,,,
Nandini Swamy,1942-05-03,female,9851712368,patient21@example.com,PAT-SUN-100020,,,,74-5465-3695-5210
Dalaja Bhasin,1990-07-15,female,9849651370,patient22@example.com,PAT-SUN-100021,,,,11-5332-9791-3024
Barkha Setty,1942-01-27,other,9861200471,,PAT-SUN-100022,,,,51-4626-2035-8606
Jeet Sidhu,1997-08-25,other,9869261796,patient24@example.com,PAT-SUN-100023,,,,27-7367-8432-7078
Banjeet Gill,1978-01-05,female,9851585064,,PAT-SUN-100024,,,,98-7070-4559-8264
Nandini Bansal,1976-08-08,female,9839005329,,PAT-SUN-100025,,,,
Samar Loke,1985-02-05,female,9890422842,,PAT-SUN-100026,,,,80-4394-4538-4817
Bishakha Upadhyay,1999-02-26,other,9802402681,patient28@example.com,PAT-SUN-100027,,,,26-1243-6869-4898
Barkha Misra,2011-01-16,other,9890847007,patient29@example.com,PAT-SUN-100028,,,,56-9408-2786-8405
Eesha Solanki,1999-02-20,male,9892124998,patient30@example.com,PAT-SUN-100029,,,,23-9032-8267-2204
Upasna Lanka,1966-02-20,other,9811836736,patient31@example.com,PAT-SUN-100030,,,,86-9692-5831-8433
Sachi Ganesan,1998-02-16,female,9852711116,,PAT-SUN-100031,,,,63-2557-6120-7992
Lavanya Khosla,1980-06-16,female,9860494519,patient33@example.com,PAT-SUN-100032,,,,26-1982-6400-3002
Tanmayi Mittal,1953-08-06,other,9814936899,patient34@example.com,PAT-SUN-100033,,,,71-4674-2773-6736
Victor Pandey,1955-05-19,female,9855022961,,PAT-SUN-100034,,,,87-5381-1474-3955
Yachana Mahajan,2010-05-31,female,9875254599,,PAT-SUN-100035,,,,13-2503-9691-4524
Suhani Pillay,1996-03-22,male,9814767976,,PAT-SUN-100036,,,,
Waida D’Alia,1944-05-31,female,9884036900,,PAT-SUN-100037,,,,24-6655-8043-2816
Sai Keer,2012-08-29,male,9876226838,patient39@example.com,PAT-SUN-100038,,,,27-5186-5742-6375
Ekapad Johal,1988-06-11,female,9871596966,,PAT-SUN-100039,,,,55-2180-7505-1693
Amol Ghosh,1959-07-21,male,9813696816,patient41@example.com,PAT-SUN-100040,,,,51-3815-8538-6928
Varenya Ratti,1974-01-12,other,9888355231,,PAT-SUN-100041,,,,38-6456-3754-2251
Hardik Contractor,2012-06-02,other,9879979955,,PAT-SUN-100042,,,,87-3504-2234-3902
Ekalinga Chand,2010-07-12,female,9849058147,patient44@example.com,PAT-SUN-100043,,,,
Yashica Kala,1949-08-05,female,9819986798,patient45@example.com,PAT-SUN-100044,,,,
Indali Ahuja,1951-12-30,other,9882071518,patient46@example.com,PAT-SUN-100045,,,,15-8368-4084-6267
Charles Dugal,1949-11-01,other,9878892554,patient47@example.com,PAT-SUN-100046,,,,
Darika Bath,1955-07-08,female,9886449251,patient48@example.com,PAT-SUN-100047,,,,96-1857-6482-2079
Xiti Pandya,1942-02-26,female,9862914865,patient49@example.com,PAT-SUN-100048,,,,
Janaki Chakrabarti,1974-12-22,other,9805423573,,PAT-SUN-100049,,,,97-9624-2531-7937
Ikshita Panchal,2001-02-18,male,9818880592,patient51@example.com,PAT-SUN-100050,,,,
Diya Dora,1975-04-01,female,9837947383,patient52@example.com,PAT-SUN-100051,,,,33-3712-8170-1715
Turvi Barman,1976-02-23,female,9868862392,patient53@example.com,PAT-SUN-100052,,,,70-4178-7026-8218
Januja Pradhan,2018-04-14,female,9881814124,patient54@example.com,PAT-SUN-100053,,,,
Inaya Mukherjee,2022-10-06,female,9860685361,patient55@example.com,PAT-SUN-100054,,,,65-2502-4637-8391
Rehaan Kara,2025-09-01,male,9822047277,patient56@example.com,PAT-SUN-100055,,,,
Raksha Bassi,1972-08-24,other,9861434103,patient57@example.com,PAT-SUN-100056,,,,12-5193-4533-3449
Neel Iyengar,2007-10-13,other,9808932460,patient58@example.com,PAT-SUN-100057,,,,68-2029-2816-9189
Tristan Seshadri,2015-04-15,female,9888888067,,PAT-SUN-100058,,,,63-4068-2402-9576
Bhavini Sodhi,1998-04-25,male,9831952058,patient60@example.com,PAT-SUN-100059,,,,57-5155-1266-6850
Charvi Dara,1939-12-19,male,9870430305,patient61@example.com,PAT-SUN-100060,,,,97-8612-8840-3986
Rachit Chada,1982-10-13,other,9845054156,patient62@example.com,PAT-SUN-100061,,,,79-8756-5150-1599
Hemang Natarajan,1947-09-04,other,9858416169,patient63@example.com,PAT-SUN-100062,,,,59-6554-4060-9129
Urvashi Kulkarni,1938-12-18,female,9847962757,,PAT-SUN-100063,,,,47-6262-2680-2311
Zilmil Loke,2007-10-10,male,9858202970,,PAT-SUN-100064,,,,55-8126-5498-1939
Sachi Panchal,1975-11-29,other,9892755719,,PAT-SUN-100065,,,,92-7001-6933-7272
Janaki Rajagopal,2021-02-13,male,9878681447,,PAT-SUN-100066,,,,50-5566-5089-2858
Jacob Lala,2005-06-01,male,9872715518,patient68@example.com,PAT-SUN-100067,,,,98-9047-4279-3009
Charita Dugar,1999-09-25,male,9832370589,patient69@example.com,PAT-SUN-100068,,,,30-3852-6922-9335
Mitali Srinivas,1982-12-25,female,9878669125,patient70@example.com,PAT-SUN-100069,,,,80-3126-2412-2077
Daksha Gala,1950-03-31,other,9826801824,,PAT-SUN-100070,,,,97-9476-6644-3102
Benjamin Balakrishnan,1942-12-24,male,9838424981,patient72@example.com,PAT-SUN-100071,,,,38-6669-9501-5653
Ojasvi Sule,1977-06-20,other,9801094396,patient73@example.com,PAT-SUN-100072,,,,84-3526-3804-6531
Lohit Chatterjee,1940-03-22,other,9844736471,patient74@example.com,PAT-SUN-100073,,,,
Wridesh Kale,1988-03-03,female,9855562588,,PAT-SUN-100074,,,,63-8933-8609-4342
Charan Hayer,1968-04-18,male,9804696325,patient76@example.com,PAT-SUN-100075,,,,25-5382-8366-5061
Yashodhara Ratti,1980-09-04,female,9847016873,,PAT-SUN-100076,,,,34-3610-9163-9433
Chandani Soman,2009-02-01,female,9801624565,,PAT-SUN-100077,,,,16-5609-9108-8710
Manbir Kibe,1938-07-05,other,9858416878,,PAT-SUN-100078,,,,
Krisha Murthy,2021-10-09,female,9858523986,patient80@example.com,PAT-SUN-100079,,,,97-2946-3108-2584
Ikshita Mahal,1961-07-27,male,9878729825,patient81@example.com,PAT-SUN-100080,,,,
Laksh Chopra,1991-01-30,other,9879470551,patient82@example.com,PAT-SUN-100081,,,,60-5902-6511-9311
Vansha Iyengar,2003-09-14,other,9809728962,patient83@example.com,PAT-SUN-100082,,,,98-1436-8775-5350
Aditya Misra,1986-10-14,female,9862636897,patient84@example.com,PAT-SUN-100083,,,,83-2800-4125-1310
Quincy Atwal,2001-12-18,other,9878652785,patient85@example.com,PAT-SUN-100084,,,,17-3262-9498-4397
Leela Keer,1975-11-16,male,9884344375,patient86@example.com,PAT-SUN-100085,,,,97-5331-8932-4150
Jacob Merchant,1968-09-30,female,9852404157,patient87@example.com,PAT-SUN-100086,,,,45-5715-2996-9899
Janaki Brahmbhatt,2018-03-22,other,9821993308,,PAT-SUN-100087,,,,37-4310-9824-5442
Christopher Setty,1947-07-18,male,9808267734,patient89@example.com,PAT-SUN-100088,,,,22-7771-6411-8739
Ekapad Sodhi,1938-07-11,male,9820672400,,PAT-SUN-100089,,,,21-4804-9767-1611
Udant Aggarwal,2003-09-22,other,9828743152,patient91@example.com,PAT-SUN-100090,,,,52-5662-8444-9901
Samuel Bhavsar,1944-09-30,other,9829668516,patient92@example.com,PAT-SUN-100091,,,,33-1230-6523-5833
Warjas Mittal,2014-07-14,male,9863745499,,PAT-SUN-100092,,,,27-8822-6301-5064
Manthan Mital,1969-07-20,female,9826841459,,PAT-SUN-100093,,,,98-4871-2017-2936
Kamala Chanda,1983-11-16,female,9878339187,patient95@example.com,PAT-SUN-100094,,,,71-3509-8454-7121
Jacob Srinivas,2017-12-20,other,9898225871,patient96@example.com,PAT-SUN-100095,,,,82-2838-2011-9972
Samar Prabhakar,1963-10-31,male,9828679087,patient97@example.com,PAT-SUN-100096,,,,72-2489-9361-8298
Aarini Suresh,2022-08-28,other,9891065180,patient98@example.com,PAT-SUN-100097,,,,12-7487-5169-1049
Vihaan Bir,1999-04-25,female,9846226567,patient99@example.com,PAT-SUN-100098,,,,
Bhavini Badal,1980-11-13,other,9812868230,patient100@example.com,PAT-SUN-100099,,,,58-2314-9835-3178
Upkaar Mital,1997-03-26,female,9837524310,patient101@example.com,PAT-SUN-100100,,,,69-9920-7948-9715
Victor Kakar,2016-10-13,male,9879030673,patient102@example.com,PAT-SUN-100101,,,,12-4943-4376-2102
Wridesh Ramachandran,1996-08-08,male,9899534283,patient103@example.com,PAT-SUN-100102,,,,17-3295-9255-5739
Shravya Swaminathan,1956-03-14,male,9868566246,,PAT-SUN-100103,,,,81-3869-7999-9120
Hredhaan Chand,1936-02-19,female,9886688263,,PAT-SUN-100104,,,,40-4692-5927-3365
Irya Chander,1989-05-23,other,9804699013,patient106@example.com,PAT-SUN-100105,,,,20-8369-7079-2514
Oliver Saran,1960-07-03,female,9803317393,patient107@example.com,PAT-SUN-100106,,,,95-4555-8854-4422
Ria Natt,1974-06-04,other,9844587717,patient108@example.com,PAT-SUN-100107,,,,51-5637-7236-8639
Maya Patla,1945-12-01,male,9820489964,,PAT-SUN-100108,,,,36-7073-6126-7781
Saumya Srinivas,1988-01-27,female,9877252287,,PAT-SUN-100109,,,,58-5026-9180-6530
Advaith Chaudhari,1958-12-15,male,9806231203,patient111@example.com,PAT-SUN-100110,,,,92-1962-9584-1554
Ijaya Muni,1966-07-18,male,9886008484,,PAT-SUN-100111,,,,89-8916-8993-1257
Zaitra Ghosh,1985-05-04,male,9823398454,patient113@example.com,PAT-SUN-100112,,,,96-8054-3937-2753
Tanish Jha,1960-09-20,female,9893341016,patient114@example.com,PAT-SUN-100113,,,,
Indira Shankar,1991-03-26,female,9859180339,patient115@example.com,PAT-SUN-100114,,,,17-1154-3807-2354
Vidhi Yogi,1998-01-29,male,9889025039,,PAT-SUN-100115,,,,
Nilima Swamy,1973-01-28,other,9896856218,patient117@example.com,PAT-SUN-100116,,,,60-2260-5903-3661
Ishaan Loyal,2005-06-06,female,9850477358,patient118@example.com,PAT-SUN-100117,,,,22-8161-4803-2245
Priya Gandhi,1991-02-14,male,9814262655,,PAT-SUN-100118,,,,97-7227-2404-5839
Daniel Malhotra,2013-09-14,female,9854121267,patient120@example.com,PAT-SUN-100119,,,,
Jyoti Sha,2021-03-11,other,9899560466,patient121@example.com,PAT-SUN-100120,,,,23-1430-2468-6798
Vedhika Oza,2016-02-22,other,9822444721,,PAT-SUN-100121,,,,81-4977-9537-3778
Zashil Butala,1969-02-18,female,9879937124,,PAT-SUN-100122,,,,48-8933-2260-6916
Aditya Anand,1998-04-10,female,9892459375,,PAT-SUN-100123,,,,89-7224-6399-8212
Nitesh Sarraf,1967-04-11,female,9846519398,,PAT-SUN-100124,,,,50-5775-9044-4971
Aradhana Chad,1958-01-01,female,9867243426,patient126@example.com,PAT-SUN-100125,,,,13-8563-4434-8183
Advik Patel,2019-09-21,other,9896886805,patient127@example.com,PAT-SUN-100126,,,,
Yachana Sagar,1973-10-16,other,9829096561,,PAT-SUN-100127,,,,86-2392-2791-5067
Rajeshri Khare,1940-11-17,female,9879825071,,PAT-SUN-100128,,,,75-9499-4621-8303
Ojas Prabhu,1947-02-03,female,9873875717,patient130@example.com,PAT-SUN-100129,,,,20-2901-3321-6707
Jhalak Dugar,1958-08-18,male,9812382825,patient131@example.com,PAT-SUN-100130,,,,18-5919-1732-2885
Ekanta Kothari,1973-02-17,other,9860937966,,PAT-SUN-100131,,,,39-7636-4022-4053
Tanmayi Anand,1968-11-14,male,9853714785,patient133@example.com,PAT-SUN-100132,,,,45-2025-2667-9796
Aarav Puri,2012-01-30,female,9849912513,patient134@example.com,PAT-SUN-100133,,,,85-2871-6700-6766
Girish Tiwari,1947-09-08,female,9896627828,,PAT-SUN-100134,,,,98-3316-9369-7364
Laban Chopra,1949-08-27,female,9872368876,patient136@example.com,PAT-SUN-100135,,,,33-6154-8389-1878
Banjeet Kale,2010-11-26,other,9834043842,patient137@example.com,PAT-SUN-100136,,,,66-9006-3740-2354
Turvi Chaudry,2008-01-08,female,9858078361,patient138@example.com,PAT-SUN-100137,,,,73-9369-2854-2871
Garima Das,1939-07-06,female,9817133959,patient139@example.com,PAT-SUN-100138,,,,41-5877-1528-8368
Bakhshi Korpal,1993-12-03,other,9884982544,patient140@example.com,PAT-SUN-100139,,,,27-4385-4390-1972
Hemangini Thakkar,1964-08-12,male,9822325367,,PAT-SUN-100140,,,,75-2560-3221-7743
Daksh Kanda,1987-06-25,male,9868457759,,PAT-SUN-100141,,,,90-7786-7146-8405
Baljiwan Chana,1940-09-21,other,9836374545,patient143@example.com,PAT-SUN-100142,,,,21-8511-6869-2037
Elijah Prakash,1999-01-29,female,9800170127,patient144@example.com,PAT-SUN-100143,,,,
Kritika Mohanty,2001-09-23,male,9815415206,patient145@example.com,PAT-SUN-100144,,,,64-4314-3161-5945
Faras Khanna,1966-11-18,male,9871293870,,PAT-SUN-100145,,,,39-8032-2494-2559
Odika Tailor,2015-01-11,male,9861115542,patient147@example.com,PAT-SUN-100146,,,,25-7919-3165-8826
Keya Dyal,2001-07-19,other,9892753269,patient148@example.com,PAT-SUN-100147,,,,27-3340-2120-9691
Baghyawati Mishra,1957-01-17,other,9856523413,patient149@example.com,PAT-SUN-100148,,,,21-2646-3293-3017
Bishakha Bumb,1978-04-16,male,9898364037,patient150@example.com,PAT-SUN-100149,,,,87-5668-1439-5942
Udyati Lall,1956-01-12,female,9826965827,patient151@example.com,PAT-SUN-100150,,,,91-2163-9655-1197
Vamakshi Mistry,1942-10-10,male,9806848666,,PAT-SUN-100151,,,,12-2106-1225-5295
Ekalinga Chahal,1970-08-06,female,9883285691,patient153@example.com,PAT-SUN-100152,,,,88-3501-5546-2369
Harrison Mangal,2013-09-28,female,9879904210,patient154@example.com,PAT-SUN-100153,,,,40-1948-5005-2412
Garima Khanna,1940-02-08,other,9825241056,,PAT-SUN-100154,,,,30-9133-6680-9568
Gaurav Guha,1975-06-04,other,9877850792,patient156@example.com,PAT-SUN-100155,,,,
Chandresh Patel,1999-02-01,male,9803075622,patient157@example.com,PAT-SUN-100156,,,,23-2889-4742-9336
Hemangini Gade,2011-01-22,male,9854195180,,PAT-SUN-100157,,,,80-7870-4678-6272
Kevin Ghose,1989-10-09,female,9851870534,patient159@example.com,PAT-SUN-100158,,,,15-7568-2129-8620
Harsh Amble,1981-09-14,other,9838320603,patient160@example.com,PAT-SUN-100159,,,,89-4974-8600-7033
Netra Nagarajan,1996-12-08,other,9841383670,patient161@example.com,PAT-SUN-100160,,,,98-1157-6488-1023
Onkar Golla,1962-02-09,female,9803865719,,PAT-SUN-100161,,,,
Upma Bera,2013-08-23,female,9899062344,patient163@example.com,PAT-SUN-100162,,,,
Diya Gole,2005-10-10,female,9813291212,patient164@example.com,PAT-SUN-100163,,,,60-6345-6211-8417
Pushti Sood,1970-03-02,female,9874112490,,PAT-SUN-100164,,,,25-9780-6870-4401
Oliver Bhattacharyya,2009-10-25,female,9804420678,patient166@example.com,PAT-SUN-100165,,,,28-2494-5066-6828
Udarsh Deep,1954-09-04,male,9832365199,,PAT-SUN-100166,,,,69-2669-3290-2989
Jatin Krishnan,1978-05-13,male,9851070296,patient168@example.com,PAT-SUN-100167,,,,12-2056-4239-8265
Adya Virk,2023-04-02,female,9824472099,patient169@example.com,PAT-SUN-100168,,,,13-7270-7990-3831
Manthan Chana,2005-10-29,male,9862638380,patient170@example.com,PAT-SUN-100169,,,,73-7750-8848-1999
Girish Bath,1936-07-15,female,9856420593,,PAT-SUN-100170,,,,55-8859-9921-8940
Vanya Sama,1994-01-24,female,9821334803,patient172@example.com,PAT-SUN-100171,,,,45-1959-8728-9674
Nisha Sastry,1939-10-22,male,9859059929,patient173@example.com,PAT-SUN-100172,,,,59-6813-3846-3885
Advay Dugar,1981-03-03,female,9810393087,,PAT-SUN-100173,,,,73-9882-6063-3876
Sara Chakrabarti,2012-10-05,female,9802921851,patient175@example.com,PAT-SUN-100174,,,,35-3137-6582-3907
Tanmayi Om,1968-05-15,female,9826752895,,PAT-SUN-100175,,,,60-2655-6514-5944
Hitesh Bath,2016-05-22,male,9809690295,patient177@example.com,PAT-SUN-100176,,,,32-7199-6026-5825
Shravya Shankar,1994-12-06,female,9835521570,,PAT-SUN-100177,,,,38-2705-9129-3304
Omya Kothari,1960-04-16,other,9806762676,patient179@example.com,PAT-SUN-100178,,,,18-6742-5205-2770
Kevin Gokhale,1981-01-07,male,9840541152,patient180@example.com,PAT-SUN-100179,,,,71-4695-3664-8393
Ryan Loke,2003-03-09,other,9806296201,patient181@example.com,PAT-SUN-100180,,,,19-9962-2525-6536
Champak Raj,1970-07-20,female,9810698720,patient182@example.com,PAT-SUN-100181,,,,62-9849-5346-5612
Yoshita Dar,1969-08-13,male,9824171467,patient183@example.com,PAT-SUN-100182,,,,47-8869-4271-2589
Vritti Parmar,1942-03-24,female,9852704774,,PAT-SUN-100183,,,,21-9914-7349-4029
Vaishnavi Andra,1945-12-29,other,9886938068,patient185@example.com,PAT-SUN-100184,,,,17-3476-2584-2404
Vidhi Bassi,1962-05-07,male,9808989921,patient186@example.com,PAT-SUN-100185,,,,70-4860-8803-5896
Arjun Sharaf,2000-03-09,male,9816329451,,PAT-SUN-100186,,,,31-4471-4157-3067
Jagat Warrior,1936-03-13,female,9899861622,patient188@example.com,PAT-SUN-100187,,,,80-6343-5525-9514
Mahika Merchant,2022-01-30,other,9864679970,,PAT-SUN-100188,,,,22-2730-2654-5687
Nitara Vala,1948-06-27,female,9807450544,,PAT-SUN-100189,,,,89-7581-1635-7484
Ganga Parikh,1947-03-17,female,9854691373,patient191@example.com,PAT-SUN-100190,,,,99-2609-4734-3201
Diya Sangha,1950-11-05,other,9814862890,,PAT-SUN-100191,,,,72-9462-7126-1920
Avni Dey,2015-11-20,female,9853457861,patient193@example.com,PAT-SUN-100192,,,,35-1944-5087-1541
Bina Desai,1977-06-29,other,9855241406,,PAT-SUN-100193,,,,72-8308-3909-8775
Theodore Sura,1956-07-11,female,9880072290,,PAT-SUN-100194,,,,37-4626-4688-4387
Krisha Radhakrishnan,1968-07-18,female,9843748969,,PAT-SUN-100195,,,,49-5511-7943-7168
Faraj Varkey,1993-08-01,other,9871545444,,PAT-SUN-100196,,,,94-7131-5631-5890
Anthony Kohli,1939-07-21,other,9807446660,patient198@example.com,PAT-SUN-100197,,,,40-1930-7620-6236
Urishilla Subramaniam,1951-01-08,other,9858428241,patient199@example.com,PAT-SUN-100198,,,,34-6622-4643-9759
Yamini Saini,2010-01-21,male,9834655494,patient200@example.com,PAT-SUN-100199,,,,81-3999-6499-2463
Kamala Bassi,1998-06-16,male,9873816846,,PAT-SUN-100200,,,,
Aarini Gulati,1936-02-28,other,9825217525,patient202@example.com,PAT-SUN-100201,,,,27-4281-6614-7704
Anya Ranganathan,2003-08-14,female,9829271296,patient203@example.com,PAT-SUN-100202,,,,
Tanish Trivedi,1971-09-20,other,9850583003,,PAT-SUN-100203,,,,71-7280-1076-1618
Nandini Verma,1961-06-14,other,9821044789,patient205@example.com,PAT-SUN-100204,,,,49-3112-2682-7284
Gabriel Majumdar,2005-11-03,female,9826033230,patient206@example.com,PAT-SUN-100205,,,,97-3192-6615-9031
Suhani Raval,1987-05-30,other,9890100167,patient207@example.com,PAT-SUN-100206,,,,56-1612-7147-5190
Veda Kohli,2003-11-04,female,9818499261,patient208@example.com,PAT-SUN-100207,,,,70-3508-4366-1152
Bhavna Chander,1971-07-29,male,9848356420,patient209@example.com,PAT-SUN-100208,,,,46-2867-2741-9154
Zaid Parekh,1949-09-16,male,9811972181,patient210@example.com,PAT-SUN-100209,,,,98-8875-6416-4842
Mitali Kapadia,2003-03-09,female,9874470120,patient211@example.com,PAT-SUN-100210,,,,
Ladli Chaudhuri,1964-12-16,male,9802255794,patient212@example.com,PAT-SUN-100211,,,,96-6123-7979-2898
Shravya Gole,1987-02-04,female,9816674676,patient213@example.com,PAT-SUN-100212,,,,
Vidhi Mital,1958-04-04,male,9897972965,patient214@example.com,PAT-SUN-100213,,,,24-3171-1960-3611
Anmol Sabharwal,1946-07-31,female,9801450899,,PAT-SUN-100214,,,,26-8914-8997-2850
Nidhi Bora,1942-10-15,female,9875628900,patient216@example.com,PAT-SUN-100215,,,,53-9504-9570-2560
Jeremiah Keer,1995-04-02,female,9835408386,patient217@example.com,PAT-SUN-100216,,,,70-9123-3709-2226
Madhavi More,1956-04-23,female,9851701660,patient218@example.com,PAT-SUN-100217,,,,68-8277-8341-2442
Tanmayi Saran,1982-10-12,male,9888375503,patient219@example.com,PAT-SUN-100218,,,,
Hemangini Mangat,1977-11-23,male,9830554885,patient220@example.com,PAT-SUN-100219,,,,89-8751-6952-8414
Madhavi Radhakrishnan,1955-07-10,male,9826149331,patient221@example.com,PAT-SUN-100220,,,,
Anita Swamy,1952-07-27,female,9891779827,,PAT-SUN-100221,,,,68-4122-6536-2765
Hema Salvi,1963-09-17,male,9821699586,patient223@example.com,PAT-SUN-100222,,,,80-8091-8912-9328
Advik Dara,2023-05-20,female,9872269848,patient224@example.com,PAT-SUN-100223,,,,98-5067-5482-7518
Zehaan Srivastava,1993-02-19,other,9852288515,patient225@example.com,PAT-SUN-100224,,,,80-4560-4291-4435
Mohammed Prabhu,2005-01-15,female,9881062003,,PAT-SUN-100225,,,,95-7839-9747-5684
Reva Hans,1937-08-03,other,9838057198,patient227@example.com,PAT-SUN-100226,,,,46-5105-3399-2016
Ekapad Wali,1949-08-15,other,9806665800,patient228@example.com,PAT-SUN-100227,,,,81-7371-4892-9370
Widisha Dube,1990-11-04,other,9834721228,,PAT-SUN-100228,,,,66-4695-7025-9955
Vrishti Vora,1991-10-29,female,9842294057,patient230@example.com,PAT-SUN-100229,,,,
Amaira Wadhwa,1939-04-30,female,9851583281,patient231@example.com,PAT-SUN-100230,,,,29-6285-1833-5934
Hitesh Parmar,1996-05-16,female,9835554398,patient232@example.com,PAT-SUN-100231,,,,79-9798-7609-2506
Ekiya Khosla,1986-05-09,female,9899305616,,PAT-SUN-100232,,,,93-1144-2879-6668
Divya Bains,2005-02-08,other,9870435811,,PAT-SUN-100233,,,,13-9468-7143-9426
Faras Nair,2007-01-12,male,9861386120,patient235@example.com,PAT-SUN-100234,,,,78-9736-1120-2072
Lavanya Bhagat,1963-02-06,female,9819346676,patient236@example.com,PAT-SUN-100235,,,,21-2200-1889-3916
Meera Divan,1947-07-26,other,9880919015,patient237@example.com,PAT-SUN-100236,,,,
Yatin Kibe,1942-02-12,other,9891476607,,PAT-SUN-100237,,,,
Madhav Sastry,1939-09-16,female,9808821009,patient239@example.com,PAT-SUN-100238,,,,60-9941-5832-3360
Siddharth Jani,1984-11-05,male,9882223943,,PAT-SUN-100239,,,,20-5992-4441-6633
Ekalinga Rama,1995-02-07,other,9814141397,patient241@example.com,PAT-SUN-100240,,,,82-1891-9992-8557
Anthony Baral,1957-12-07,other,9835775949,,PAT-SUN-100241,,,,95-4842-2639-5671
Ati Kar,1949-04-28,female,9836452577,patient243@example.com,PAT-SUN-100242,,,,50-8017-3762-1079
Samuel Devi,1987-12-18,female,9883411080,patient244@example.com,PAT-SUN-100243,,,,72-2783-3879-2343
Eiravati Sachdev,2022-03-06,other,9872563942,patient245@example.com,PAT-SUN-100244,,,,85-4485-1600-5269
Krish Thakkar,2011-10-28,other,9892827229,patient246@example.com,PAT-SUN-100245,,,,60-6961-9227-1173
Dominic Goel,2019-02-09,male,9831453038,patient247@example.com,PAT-SUN-100246,,,,28-8921-6878-1662
Balveer Ram,1982-02-13,other,9818449892,patient248@example.com,PAT-SUN-100247,,,,70-8448-1760-1653
Gautam Tella,1945-11-08,female,9886557790,patient249@example.com,PAT-SUN-100248,,,,85-2275-9465-5121
Ishaan Sengupta,1992-09-25,male,9818432225,patient250@example.com,PAT-SUN-100249,,,,
Sanaya Mani,1992-01-19,other,9877739260,,PAT-SUN-100250,,,,94-4773-7793-6410
Nimrat Sathe,1942-10-25,other,9828092024,patient252@example.com,PAT-SUN-100251,,,,
Gagan Bawa,1945-06-20,male,9897723692,patient253@example.com,PAT-SUN-100252,,,,61-1305-5644-2404
Brinda Sinha,1947-10-11,other,9879913662,,PAT-SUN-100253,,,,33-9369-5333-3747
Irya Dayal,1990-12-15,male,9899088117,patient255@example.com,PAT-SUN-100254,,,,74-7877-3450-2577
Chakradev Nath,1967-02-20,female,9808637659,patient256@example.com,PAT-SUN-100255,,,,79-1019-8069-9553
Rishi Narayanan,2010-09-18,female,9831498643,,PAT-SUN-100256,,,,99-2600-7971-3193
Sathvik Narula,2007-08-18,male,9835651269,,PAT-SUN-100257,,,,10-9561-2930-9515
Odika Chadha,1980-05-27,male,9888725887,,PAT-SUN-100258,,,,64-6990-5514-7511
Xiti Dube,1952-10-14,other,9872138658,patient260@example.com,PAT-SUN-100259,,,,54-7522-3262-2951
Gauri Sibal,2015-09-12,male,9879611435,,PAT-SUN-100260,,,,16-3633-7375-1086
Anusha Contractor,1937-01-15,female,9898490277,,PAT-SUN-100261,,,,
Ayush Sinha,2016-12-18,other,9883920530,patient263@example.com,PAT-SUN-100262,,,,76-5685-4190-1550
Udyati Deep,1944-01-12,female,9856693801,patient264@example.com,PAT-SUN-100263,,,,
Ayushman Bhattacharyya,1978-06-13,male,9876904268,,PAT-SUN-100264,,,,81-6703-6693-5530
Odika Khare,1991-07-20,female,9818489476,patient266@example.com,PAT-SUN-100265,,,,
Ubika Nanda,1985-08-17,female,9841633565,patient267@example.com,PAT-SUN-100266,,,,53-8517-8548-1448
Manthan Sethi,1983-06-25,female,9841651827,patient268@example.com,PAT-SUN-100267,,,,
David Pingle,2016-10-07,female,9833433339,patient269@example.com,PAT-SUN-100268,,,,83-5408-3994-4115
Liam Guha,1985-08-28,other,9875957947,,PAT-SUN-100269,,,,25-2285-9071-1108
Pranit Sha,1981-07-07,other,9808678085,patient271@example.com,PAT-SUN-100270,,,,75-5591-7518-4638
Jyoti Chowdhury,1987-11-23,female,9800369155,patient272@example.com,PAT-SUN-100271,,,,32-8490-2972-9490
Upasna Setty,1981-10-22,female,9852763655,patient273@example.com,PAT-SUN-100272,,,,80-5306-4885-5413
Bishakha Bala,1961-06-25,other,9838663227,patient274@example.com,PAT-SUN-100273,,,,33-3148-4744-2636
Parth Lal,2006-02-05,other,9874489061,patient275@example.com,PAT-SUN-100274,,,,73-3203-9470-9748
Chatura Lalla,2003-08-31,female,9817545588,patient276@example.com,PAT-SUN-100275,,,,
Saumya Raja,1996-09-25,other,9899824558,patient277@example.com,PAT-SUN-100276,,,,12-7746-2986-6752
Pranit Munshi,1984-12-14,other,9825699611,,PAT-SUN-100277,,,,20-7243-5694-8598
Teerth Dara,1999-05-25,female,9859876220,,PAT-SUN-100278,,,,50-5773-5382-7479
Ethan Malhotra,2005-08-10,female,9811780068,patient280@example.com,PAT-SUN-100279,,,,42-2311-4450-3734
Raagini Kamdar,1990-12-04,female,9816433472,,PAT-SUN-100280,,,,
Mahika Aggarwal,1982-01-20,female,9884872829,patient282@example.com,PAT-SUN-100281,,,,13-1575-6846-6328
Christopher Chana,1968-07-20,female,9878317456,,PAT-SUN-100282,,,,91-8126-9576-9745
Logan Banik,1953-01-17,female,9880774064,patient284@example.com,PAT-SUN-100283,,,,10-9574-3233-6634
Tara Yadav,1949-01-27,other,9863266341,patient285@example.com,PAT-SUN-100284,,,,80-7121-4089-7745
Devansh Cherian,1945-12-11,female,9831224179,patient286@example.com,PAT-SUN-100285,,,,88-5454-5664-9715
Lohit Sagar,1950-10-17,male,9880214427,patient287@example.com,PAT-SUN-100286,,,,72-4076-6253-1317
Gaurav Mander,1973-02-16,female,9847570512,,PAT-SUN-100287,,,,29-1241-9086-4558
Omya Agrawal,1985-11-11,male,9860136730,,PAT-SUN-100288,,,,19-9899-8702-3975
Nathaniel Bassi,1940-07-13,female,9852088147,patient290@example.com,PAT-SUN-100289,,,,22-9538-4415-8746
Ekavir Keer,2000-08-05,other,9850249163,,PAT-SUN-100290,,,,16-4568-2850-4866
Chatura Sarin,1948-09-17,other,9892513271,patient292@example.com,PAT-SUN-100291,,,,
Indrajit Shroff,1976-12-09,other,9881273585,patient293@example.com,PAT-SUN-100292,,,,90-1983-1979-6824
Akshay Sangha,2001-12-04,other,9840778487,,PAT-SUN-100293,,,,34-1349-7189-6868
Varenya Chaudhari,1976-05-22,other,9821827448,patient295@example.com,PAT-SUN-100294,,,,54-6303-8674-5510
Suhani Sheth,2005-02-18,other,9862095935,patient296@example.com,PAT-SUN-100295,,,,
Faris Nayak,2001-11-20,other,9882945651,,PAT-SUN-100296,,,,78-7348-4110-9586
Ishaan Sridhar,2002-01-12,male,9873109678,patient298@example.com,PAT-SUN-100297,,,,15-3126-3926-1512
Upma Wali,1996-09-19,male,9871705865,patient299@example.com,PAT-SUN-100298,,,,16-7002-4616-2161
Matthew Jayaraman,1982-07-13,other,9880141381,,PAT-SUN-100299,,,,